diocese,age_under_1_year,age_1_year,age_2_years,age_3_years,age_4_years,age_5_years,age_6_years,age_7_years,age_8_years,age_9_years,age_10_years,age_11_years,age_12_years,age_13_years,age_14_years,age_15_years,age_16_years,age_17_years,age_18_years,age_19_years,age_20_years,age_21_years,age_22_years,age_23_years,age_24_years,age_25_years,age_26_years,age_27_years,age_28_years,age_29_years,age_30_years,age_31_years,age_32_years,age_33_years,age_34_years,age_35_years,age_36_years,age_37_years,age_38_years,age_39_years,age_40_years,age_41_years,age_42_years,age_43_years,age_44_years,age_45_years,age_46_years,age_47_years,age_48_years,age_49_years,age_50_years,age_51_years,age_52_years,age_53_years,age_54_years,age_55_years,age_56_years,age_57_years,age_58_years,age_59_years,age_60_years,age_61_years,age_62_years,age_63_years,age_64_years,age_65_years,age_66_years,age_67_years,age_68_years,age_69_years,age_70_years,age_71_years,age_72_years,age_73_years,age_74_years,age_75_years,age_76_years,age_77_years,age_78_years,age_79_years,age_80_years,age_81_years,age_82_years,age_83_years,age_84_years,age_85_years,age_86_years,age_87_years,age_88_years,age_89_years,age_90_years,age_91_years,age_92_years,age_93_years,age_94_years,age_95_years,age_96_years,age_97_years,age_98_years,age_99_years,age_100_years_and_over
Bath and Wells,8740.95433,9104.924719999999,9283.68572,9581.94685,9880.22064,10327.10978,10199.01172,10241.0049,10801.27882,11114.00854,11244.75367,11350.01063,11032.5424,11253.41502,11078.84043,10848.5149,10752.88199,10949.1659,11266.00268,11415.3455,10886.29758,10921.06876,11326.22886,10786.19048,10251.08681,9987.11021,10313.8771,10722.31096,10630.71048,10936.05213,11253.37046,11347.25174,11570.83132,11591.54777,11172.19571,11123.35654,10972.57346,11023.32603,11001.4668,11133.06621,11462.41262,11258.75848,10982.2051,10483.46035,10371.23975,10765.29124,11469.01362,11958.69496,12635.2174,13503.27186,13710.42897,13615.28359,13862.08887,14096.14492,14206.27255,14718.65668,14425.56811,14437.03656,14132.3823,13832.84356,13208.21623,12634.11346,12651.03724,12378.3821,11891.47758,11410.07879,11566.04377,11833.7289,11515.77588,11660.64989,11552.21697,11932.95933,12419.77377,13177.55296,13185.8858,9998.73223,10641.85804,9447.94448,8911.28595,7570.93618,6868.5721,6916.71815,6434.57347,6031.51351,5482.18298,4880.80169,4443.50446,3848.69244,3410.24439,3137.22318,2832.29024,2253.75253,1822.95731,1512.77457,1181.50473,852.32166,671.46554,469.31585,333.62929,248.05736,355.68382
Birmingham,19211.84755,19909.50399,20339.36947,20623.48528,21505.25642,21610.97167,21717.61939,22112.02434,22872.89748,22918.539819999998,22934.66751,22504.50909,22918.83334,22694.31982,21937.22134,21714.87711,21803.53649,21711.86534,22523.27331,24949.67982,24632.79511,24248.2972,23595.68703,22497.75558,22483.72958,21737.98732,21872.82925,21886.48245,21943.46306,22476.99565,23300.27774,22936.07296,22613.77815,23079.97031,22968.31118,22551.32661,22387.09658,21987.48219,22083.06881,21533.49511,22160.68467,21690.78299,20491.06205,19286.63887,19444.09341,19108.58168,18908.27222,19105.09406,19782.26152,20363.11654,20884.62033,20560.90511,20979.71096,20348.38365,20068.94411,19813.34959,19338.00633,18699.1662,18599.08705,17982.15312,17259.96735,16470.82194,15919.01279,15329.38878,14491.73611,13391.17067,13274.15077,13294.22982,12842.18045,12389.08916,11960.21002,11826.56572,11994.71908,12519.61066,12346.77369,9520.17639,10332.43593,9657.87674,8993.81779,7731.71483,7090.26749,7280.41988,6892.0829,6283.04546,6066.72696,5449.05097,4765.08706,4010.80319,3828.49916,3329.46355,2796.6076,2331.84572,1844.40379,1496.20493,1112.90123,840.04908,634.23365,441.33802000000003,304.71337,185.31283,305.01237
Blackburn,13666.70371,14465.30796,14666.66596,14623.46399,15501.9235,15805.65681,15666.94625,15755.33437,16390.0772,16664.85649,16641.23526,16751.69259,16688.71358,16497.47435,16192.23942,16141.33496,16321.34947,15791.92729,15455.6288,15990.48477,15896.88612,15680.03816,15679.64376,15871.48967,16043.96748,15405.50296,15572.42443,16151.93889,16409.31073,17121.65772,17494.20948,17059.67816,17299.40886,17832.44431,17332.65121,17127.91776,17269.77145,16874.78508,16734.66373,16499.05092,16908.67423,16711.53716,15496.57605,14803.60621,14803.68108,15370.00132,15871.25758,16380.87321,17220.7827,18680.44096,18869.21034,18772.58943,19409.2406,19165.9745,19230.01624,19132.32224,19838.96199,19187.40829,19076.22765,18720.42547,18132.78183,17127.58222,16602.20397,16386.28788,15873.62396,15050.36038,14403.62044,14637.80939,14174.58837,13757.26242,14068.52559,14150.07926,15036.35367,15990.90169,15646.21981,11668.85448,11932.41211,11033.69617,10374.73906,8798.49543,8045.0976,8234.77728,7544.18392,7036.45714,6286.39538,5623.15482,5003.66313,4238.35065,3576.35975,3325.50948,2888.37212,2268.36893,1780.39166,1385.82216,1126.97524,805.59276,610.41105,426.14137,280.32245,234.9531,308.37254
Bristol,11241.29182,11557.85738,11840.66555,11957.71122,12094.08633,12287.29007,12443.98048,12316.98123,12829.75895,12869.5496,12732.91308,12285.59103,12159.41955,12191.53341,11520.32835,10983.90594,11083.8529,11052.24198,12704.77193,15855.37278,16717.8567,16418.99211,16062.68834,15785.32691,15690.6481,15797.9961,16447.15203,16492.87739,16632.75481,17083.18307,17221.81375,17150.82673,17152.04468,17012.44743,16601.15977,16483.59554,16095.12165,15724.13071,15106.94637,14918.08464,15187.84432,14678.11566,13663.04474,12989.05766,12877.95545,12661.83563,13086.87617,13163.9013,13457.46035,13803.47919,13978.68562,13547.65784,13635.13108,13422.94595,13899.99532,13722.43382,13653.98439,13186.41098,12991.76694,12341.69196,11771.36146,11068.33752,10936.74837,10362.6667,9744.94722,9371.86458,9125.67648,9141.15718,8596.04573,8289.69418,8324.5321,8461.12836,8470.24333,9317.03875,8845.77656,6776.85131,7261.2946,6565.4249,6223.00656,5219.73835,4802.93855,4971.82942,4589.4903,4261.50725,3918.42571,3486.47733,3198.64051,2732.9752,2514.79527,2210.9008,1914.32122,1525.07702,1261.45674,912.25661,754.19474,532.96801,415.90539,292.70912,197.69917,196.32984,224.94324
Canterbury,9465.52472,9985.274229999999,10444.65599,10761.97675,10668.69382,11096.30492,10865.24537,10888.67527,11623.15356,11793.51901,11678.44938,11686.45373,11839.16057,11607.45063,11408.54989,11091.30168,11106.41667,11110.2478,10965.31655,11208.95378,10966.28914,11471.98558,11381.29102,11268.16574,10976.85047,10672.95137,11124.79085,11294.2167,11789.68884,11745.10919,12159.68643,12158.35742,12219.74228,12307.73933,12025.93164,12048.16992,11851.32665,11659.93328,11593.12066,11698.16421,12134.51961,11980.47698,11398.4363,10700.93313,10903.97799,11157.28721,11467.67289,11788.0635,12635.14085,12979.11374,13600.54251,13449.26744,13826.04617,13755.70103,13920.75528,14202.79884,14163.14537,13806.34741,13640.55007,13109.13166,12683.29112,12126.29564,12100.3619,11710.30182,11261.65269,11010.80388,10911.76293,10801.34967,10542.0942,10532.27288,10656.12773,10972.07248,11413.21433,12805.12642,12792.07112,9371.50902,9865.34831,8738.90442,7875.97792,6727.40832,6248.13257,6275.7407299999995,5790.48943,5334.04226,4809.58042,4244.01898,3769.85289,3238.57352,2925.78608,2592.4231,2297.61246,1829.14088,1508.62521,1136.55005,926.65206,642.40683,475.65824,340.58736,268.35009,177.05148,284.08263
Carlisle,4156.47068,4314.04793,4474.68383,4500.59975,4850.59206,4903.97166,4872.08275,4986.06291,5129.6021,5280.2369499999995,5263.3516,5383.22501,5328.52475,5336.7327,5317.5582699999995,5286.9972,5259.83767,5326.57472,4636.09655,4116.36502,4059.94002,4400.1127,4851.9873099999995,4992.99544,5199.00568,5172.7411,5351.17172,5576.25121,5652.78653,5888.31199,5842.78503,5661.1857,5694.71508,5611.38272,5465.78259,5633.37765,5537.63228,5534.37982,5583.72717,5520.14631,5557.73487,5403.16667,5095.12801,5030.98852,5077.76211,5293.68677,5594.32217,6013.74776,6359.81134,6996.68211,7267.55415,7290.3327,7506.33161,7598.45937,7920.55678,7826.37767,8150.57131,8118.223,7972.50502,7645.16299,7616.54907,7552.14526,7437.71783,7127.61802,6697.72853,6402.79401,6433.60862,6449.63744,6249.18368,6200.53,6410.95838,6481.50424,6605.28422,7069.10695,6840.41022,5113.33059,5237.30583,4830.51395,4474.33439,3934.19345,3634.12571,3644.64064,3388.69501,3198.43067,2840.80283,2549.12992,2113.48573,1885.98217,1779.60853,1512.81163,1261.54073,1009.52927,805.56486,610.29403,464.87995,385.25005,264.95045,186.97326999999999,119.68045,102.4481,121.64375
Chelmsford,38521.73411,40620.3323,41103.07588,41397.09452,41840.85025,42483.51765,41091.97762,41620.66932,42572.05729,42676.9625,42573.44595,42428.14262,41797.34201,41992.1763,40693.59699,39178.43943,39566.37751,39123.93901,35521.1751,32257.30408,32533.4914,34745.69313,37899.53257,40220.81376,41678.91094,42045.93397,43275.81686,44741.48615,46397.95049,47251.69763,49135.15444,49432.02669,50559.78033,51246.6529,50147.58388,50018.63863,50017.64669,48565.31051,48201.1965,48141.24298,48929.27257,47777.39123,45344.68291,42840.26801,42716.93624,42544.14729,43089.93802,42530.74556,43134.52922,43609.53374,45178.7584,43997.81671,44527.24296,44147.60693,43723.1063,42969.81871,42532.41035,41382.8249,39792.62402,38398.73204,37597.26152,35418.94778,34186.34076,33044.43469,31473.42231,29601.10162,28927.2749,28067.4036,27546.60502,26425.90548,26334.4089,26724.41387,27337.23806,30291.13223,30638.44785,22210.99917,22787.21831,20677.29765,19558.04559,16051.00077,15020.4,15598.77918,14735.5663,13733.00361,12488.43669,11168.93885,10043.65687,8694.48274,7775.56307,7010.76866,5963.96135,4966.05049,3881.30136,2957.14522,2324.88649,1776.38888,1267.38455,944.28245,658.57697,438.97889,651.21187
Chester,16138.82944,16969.4438,17518.6143,18162.38408,18638.80821,19534.54564,18930.59414,19639.58475,20439.83202,20657.59528,20700.52004,20363.82491,20391.65099,20386.5334,19767.57927,19410.27747,19519.63613,18758.25562,16343.32388,13580.26857,13357.34488,14715.49827,16668.62115,17082.9353,18116.45292,17585.46702,18549.55381,19156.94342,19363.2472,20337.6912,21548.26019,20975.49375,20762.53955,21947.95059,20736.21102,21616.24373,21704.26789,21314.24619,21217.05037,21343.89277,21723.4844,21864.29862,20804.65041,19467.264,19760.18761,20257.8335,20991.30138,21488.99018,22863.1834,24375.27181,24548.74454,24019.01,24544.71036,24847.97929,24490.04791,24993.13353,25209.86234,24715.07694,24416.83827,23837.86778,22636.68012,21585.78731,21195.95093,20551.0719,19593.54832,18841.79125,18442.45066,18827.40065,17988.44184,17951.75714,18292.60609,18192.44427,18603.87522,20545.27793,19941.66841,14633.68917,15839.38597,14313.58161,13103.65414,11073.51388,10827.22436,10834.24531,9934.44592,9214.89866,8357.26972,7522.23514,6706.71403,5591.23679,5210.55299,4449.04673,3926.54995,3148.22399,2541.21565,1936.84866,1624.71411,1116.24878,874.45419,599.67767,384.88632,267.48759,476.19478
Chichester,14782.97061,15665.00435,16336.7181,16523.13558,17092.7511,17585.03033,17587.57834,17810.27368,18656.21822,19066.54785,19311.43113,19359.88687,19046.0141,19029.23722,18737.35904,18084.16634,18434.76814,18327.276,17586.12008,17154.38344,17946.85075,18390.43101,18932.98698,18665.99164,18361.99665,18341.03449,18385.52948,18667.52475,19051.29096,19889.65436,20621.04021,20318.39906,20521.70151,21106.28025,20329.88763,20278.14344,20345.00707,20299.30539,20295.17576,20783.54204,21505.15681,21386.34508,20636.81582,19507.98538,19639.28205,19941.11798,20925.92213,22019.39028,23131.47133,24195.95021,24200.708599999998,23707.71687,24789.67986,24808.63977,25218.243449999998,24881.81992,25397.65962,24793.66046,23763.89167,23071.36542,22288.85567,21538.024,21379.98793,20525.81713,19750.24655,19310.00964,19025.14294,18811.69584,18424.11677,18265.53503,18480.17906,18884.64302,19853.13319,21966.86657,22308.32909,16398.13792,17234.81755,15705.34358,14592.39627,11904.97858,11227.82496,11582.98297,10794.83807,10134.18589,9395.08302,8319.65858,7667.35764,6717.91309,5979.42162,5445.38403,4873.00231,3927.58151,3340.34974,2656.3261899999998,2101.78315,1583.60599,1131.6468,817.01942,555.4172599999999,465.39384,621.68907
Coventry,9336.12178,9640.11656,9995.16333,9972.82751,10265.69772,10362.76655,10535.85007,10533.85321,10934.22057,11170.83863,11110.94025,10824.2488,10972.34573,10753.7764,10559.75886,10016.96001,10319.11703,9972.97013,11343.45547,13515.6663,13644.14211,12952.95319,12068.05151,11443.46942,11284.45861,11419.05086,11223.76803,11450.21443,11552.4607,12180.66492,12482.78125,12703.43944,12484.48346,12840.54236,12278.21227,12185.73869,12114.17949,11710.64954,11602.91569,11983.08628,11924.40977,11793.15262,11189.90225,10562.7831,10381.32363,10724.55779,10853.12623,10900.4717,11526.45562,12042.39455,11995.12757,12165.62334,12454.02462,12223.65958,12112.55343,12048.88377,11950.77139,11657.56087,11383.40923,11267.85727,10691.46341,9939.94728,9793.02274,9445.04603,9079.61421,8548.9093,8486.41319,8515.5477,8152.74215,8030.44811,8060.77151,8342.76168,8402.70487,8753.65892,8885.24971,7267.29505,7581.85098,7179.94479,6358.3968,5221.509,5000.68108,4937.24374,4855.72692,4326.33083,3980.13278,3636.13764,3057.97074,2740.62962,2352.80867,2089.47222,1917.39606,1529.01277,1212.29508,925.9790399999999,759.38087,504.66144,380.70281,299.6929,225.76804,150.82656,226.03258
Derby,10269.58511,10518.28613,11171.34702,10955.57442,11668.24123,11786.58373,11929.33865,11960.78989,12477.11825,13018.68951,12718.78231,12684.27083,12459.4316,12879.43912,12099.8461,11942.91554,12014.70224,11702.47836,10757.34988,10049.23809,9994.70587,11211.59485,11882.74547,12096.12818,12301.11399,12518.43911,12993.87085,13061.03954,13355.18988,13991.97352,14151.93733,13563.54627,13270.20802,13477.81539,13207.12799,13241.76847,13231.94594,13046.4638,13162.93658,12978.99949,13561.80504,13154.48663,12382.90883,11778.64821,11997.53485,12497.86754,13159.58837,13573.14315,14720.58618,15585.09575,16031.02379,15636.24882,16270.73626,16363.14746,16382.45819,16355.22652,16383.41279,15928.65511,15709.5304,15017.92561,14542.47948,13931.34158,13656.95354,13264.88729,12662.48124,12126.14286,11768.650309999999,12167.38159,11586.54396,11537.74677,11477.84061,11866.17028,11874.53575,13050.87046,12779.75832,9772.90149,10478.51696,9518.99093,8472.00712,7107.88879,6529.42307,6524.55054,6313.77731,5642.57486,5029.38548,4474.4766,4083.49854,3555.10402,3149.71662,2637.70551,2268.4174,1794.40836,1482.26498,1115.10761,899.18711,661.3765999999999,499.54158,326.32294,244.88165,184.62759,246.34737
Durham,13745.50042,14183.67663,14704.28457,15115.61844,15928.52513,16117.2525,15860.35029,16369.4237,16833.33176,17337.09313,17511.37894,17280.23527,16966.71105,17173.19993,16746.55418,15955.41323,16171.80722,15598.83447,16112.39461,16961.16459,16264.75597,16419.72626,16545.09168,16234.77663,16756.42397,16451.39438,16861.48205,17375.65523,17924.2025,18460.03146,19051.32738,18046.83379,18449.51255,18652.20726,18613.18512,18838.73999,18116.55677,17700.34406,17758.15823,17630.26572,18188.3361,17983.91873,17075.21185,15460.43147,15248.84725,16231.3436,16389.67328,17322.06767,18550.63076,20306.99038,20737.95362,20124.93517,20915.21922,20929.21502,21687.17553,21833.85584,21997.1028,21886.98232,21595.36746,21239.61735,20611.12946,19625.28489,19930.39393,19555.19574,18587.72515,17810.97095,17149.24534,16895.797019999998,16515.04631,16033.47951,15916.48282,16162.22015,16275.44835,17422.49769,16946.12539,12593.70696,13080.27983,11406.13454,10234.376620000001,9283.00653,9026.68184,8768.00929,8654.04259,7956.57695,7266.97192,6195.4541,5531.20806,4801.97263,4238.27797,3564.61172,3067.01033,2339.82919,1850.79042,1294.57287,1121.47662,813.81896,563.16559,356.82861,274.17111,211.97305,253.53782
Ely,7967.10059,8415.05719,8533.8336,8767.72989,8921.01237,9457.70401,9237.99699,9265.76753,9902.29088,9703.36204,9754.38698,9538.17369,9617.26349,9361.08435,8998.10086,8756.56028,8707.7645,8580.19876,9375.2099,10062.91871,9248.56505,9801.36781,10849.79741,10477.93258,10420.08508,10769.95372,10989.68153,11231.77303,11127.23793,11270.26481,11813.68311,11575.9002,11615.14693,11632.97791,11183.79419,11370.42396,11127.64167,10816.02737,10771.5097,11045.25782,11374.10586,10772.12991,10696.80149,9803.26022,10095.70648,10079.15329,10293.18161,10679.4102,10786.82698,11201.86513,11510.85817,10937.94765,11018.96179,11073.23213,11113.32994,11162.06489,11025.8603,10643.31305,10736.45036,10110.57987,9747.06911,9126.54416,9072.57792,8986.84045,8443.36497,8163.88342,7982.72149,7941.67045,7699.83474,7630.34945,7616.15289,7694.18782,8022.84293,8549.74422,8749.06856,6558.02555,6887.38694,6023.20546,5693.16777,4887.92665,4495.25564,4472.05897,4268.29406,3948.50121,3637.71005,3114.21178,2801.66031,2463.91518,2205.89473,1907.11538,1678.92649,1359.15042,1118.03342,900.84615,656.09252,513.6055,368.35798,285.90706,225.24028,134.29287,165.92732
Exeter,9943.7788,10524.90557,11094.60117,11249.77747,11581.3854,12294.84222,12032.39135,12572.20763,13210.25095,13362.62886,13263.10825,13320.52043,12920.53458,13098.46762,12881.42167,12448.89352,12620.53819,12543.61923,13935.934150000001,15720.66537,15336.17284,15191.11597,14380.72455,13414.46903,12975.64892,12907.37337,12797.47724,13027.42672,13159.12788,13646.11264,13869.87659,14079.1436,13893.63653,14037.88623,13683.01384,13623.54401,13525.32124,13580.5494,13400.76106,13718.68852,13843.09325,13848.71903,13223.33625,12132.37923,12346.29445,13005.91214,13377.85988,14121.15037,15141.94495,15793.65342,16444.1845,16511.6423,17007.2442,17095.43423,17703.44771,17719.59057,18079.77127,17919.82773,17631.09918,17181.75567,17080.26733,16398.72963,16257.35353,16050.78924,15654.86671,14919.78326,14730.77454,15161.43121,14704.57426,14546.19616,14668.83981,15206.78265,15426.0083,17045.10457,17189.48516,13063.88546,13569.37843,12176.72504,11376.70991,9516.33001,8706.88012,8685.22142,8107.83716,7490.9784,7073.88799,6363.26065,5539.92707,5052.65389,4435.75056,3938.52429,3419.74987,2789.54191,2262.26014,1842.09223,1451.58999,1100.8714,818.02778,568.90089,455.5765,310.05622,431.46524999999997
Gloucester,6304.10636,6657.4641,7103.8191799999995,7199.02313,7339.4054,7682.32603,7479.41696,7628.17921,7874.45945,8073.15146,8146.85507,8028.72797,8123.33557,8003.10737,7877.65902,7426.2354,7637.46288,8002.13158,7277.57045,6540.22029,6596.91533,6854.79889,7261.31196,7285.62071,7532.5148,7638.99093,7712.99843,7818.0093,7958.22555,8089.12494,8591.06433,8613.48342,8574.09876,8669.31158,8485.37276,8350.75729,8460.50271,8412.1621,8384.71041,8598.60644,8661.92606,8688.55786,8294.27597,7665.56333,7728.5881,7994.86733,8306.87273,8899.49329,8951.58782,9647.51569,9635.76086,9808.48739,10064.65744,10289.41527,10522.45166,10527.08921,10672.70251,10287.8749,10069.81843,9870.20586,9685.21975,9285.00179,8776.81589,8611.40851,8108.5679900000005,7905.83497,7778.61786,7894.77669,7658.99439,7719.36877,7403.47081,7868.83671,8049.50446,8557.89416,8433.20524,6410.05564,6769.25808,6436.496,5930.71283,4948.19708,4498.73682,4655.79115,4314.27696,3891.3313,3589.7163,3158.09434,2952.12659,2531.44966,2315.50464,1939.1139699999999,1656.47857,1379.57312,1146.35645,879.44864,666.9872,563.27605,412.84899,311.41191,198.94405,160.63728,192.84564
Guildford,10839.12385,11222.288,11860.96193,11962.68141,12373.45544,12933.00226,12814.67193,12848.69532,13539.66301,13991.25091,13950.4357,13540.08432,13599.86688,13649.08328,13237.17315,12816.94008,13042.76417,13352.45714,12512.32346,11970.84702,11504.47875,11597.95914,12522.41387,12089.92828,11604.39108,11484.3465,11499.0256,11468.748740000001,11964.88007,12106.5878,12808.66996,12982.95123,13217.68748,13580.38182,13498.02225,13584.45203,13780.15962,13859.71215,14516.41554,14857.21129,15412.8048,15793.94358,14876.2395,14691.05265,14945.86778,15132.02849,15479.17083,15469.6714,15838.15311,16035.00823,16104.83968,15356.11919,15557.79892,15679.51976,15579.76754,15925.2727,15514.0181,15153.55741,14681.46777,13874.5341,13490.89916,12655.01167,12178.61839,11770.32442,11014.76946,10435.14527,10191.8579,10049.01468,9791.3747,9723.89802,9428.73065,9966.66057,10171.69048,11111.59659,11299.1695,8499.17153,8846.30284,8344.25347,7664.64438,6313.7783,6053.61357,6106.59181,5757.81495,5383.48518,4982.25524,4730.13989,4223.4065,3729.48311,3438.12224,3052.3648,2622.13822,2112.87118,1741.59782,1351.24893,1083.0816,838.62772,651.19827,462.34158,346.19434,258.41861,358.25601
Hereford,2578.00584,2760.35218,2895.28491,2982.47067,3113.64764,3168.93144,3134.31934,3251.95672,3476.3762,3459.3977600000003,3555.91199,3463.40216,3501.21976,3549.05866,3466.2867,3350.8682400000002,3520.67048,3450.50061,3076.51092,2496.97473,2388.16781,2681.53019,2883.71165,3153.77385,2933.47541,3062.93523,3190.28573,3093.14899,3221.00039,3348.90197,3466.83315,3471.90692,3480.23516,3566.15095,3328.67226,3394.4912,3362.00297,3421.05427,3303.20568,3411.99805,3478.43856,3402.94233,3162.05536,3157.87997,3108.39142,3375.78756,3668.91357,3762.52864,4060.5186,4544.90989,4520.67271,4510.96361,4809.5087,4902.5993,5227.26073,5265.52496,5143.94568,5041.21077,5067.45709,5185.65106,4982.33748,4705.91921,4819.5634,4833.28527,4600.50429,4465.07508,4485.96731,4596.33445,4388.00185,4284.44889,4431.259,4597.87423,4653.96346,4993.14753,4904.83279,3859.36524,4027.69503,3764.90806,3289.92143,2877.74581,2675.43298,2601.20751,2435.02013,2258.19552,2061.26683,1788.29866,1655.22955,1441.55545,1265.4707700000001,1081.35637,962.47677,767.28774,648.84589,521.81122,361.37507,289.71618,190.61104,151.33522,106.31007,84.65917,97.35637
Leeds,29938.40598,31547.31777,32583.92834,32455.80688,33880.7832,34241.82042,34011.94583,34355.462270000004,35668.82705,35919.53136,36292.49565,36025.82051,35921.66916,35087.14194,34613.38799,33738.43959,34256.19394,33994.53513,33272.98709,34830.00274,34706.68355,36083.28153,36144.42363,35462.5207,35606.03088,35089.93915,35333.69079,36368.11879,37181.09512,37758.51528,38776.63007,37531.9667,37885.2096,38563.51938,38059.67447,37903.75424,37255.82987,36998.71841,36493.02966,36695.02423,37624.19573,36745.58289,34389.4405,32039.20395,32206.04344,33173.69852,33196.02831,34591.1593,36411.84697,38455.68676,39226.70061,38262.98844,38780.07108,38341.63149,38250.61879,37891.36076,38107.60377,36953.5567,36641.50886,35151.12029,33939.97712,32535.84926,32184.92088,31571.3204,29971.30763,28505.99471,27174.29032,27711.07774,26360.79494,25888.84312,26020.1909,26347.20732,26850.95825,29090.3899,27971.29326,20331.24929,21637.48821,19383.08446,18015.93633,15085.20282,14229.07466,14505.00495,13644.0601,12885.32564,11758.30294,10396.94813,9154.85898,8062.08656,6972.43808,5872.15901,5119.00088,4227.86329,3287.99951,2608.28662,1997.77165,1500.91351,1113.99406,803.22496,540.12268,377.03325,568.72297
Leicester,10796.95575,11487.49894,11617.98792,12077.01245,12494.76464,12683.02469,12775.78226,12647.25534,13268.37929,13606.84725,13614.32351,13234.06689,13506.58806,13446.8933,12894.63322,12835.96053,12956.157,12584.60914,14845.84811,17498.8559,16920.00298,16495.69033,15968.49114,14208.90789,13856.62593,13182.15187,13628.03808,13552.78267,13783.42154,14055.54577,14670.70573,14457.86309,14192.71812,14649.60405,14204.8123,14369.25922,14538.27719,14252.79354,14133.52802,14211.41207,14596.08106,14128.17624,13404.20203,12540.14572,12572.38875,13050.85372,13344.08101,13302.86885,14113.56223,14535.85783,15123.37135,14667.24596,14989.54191,14600.59136,14637.06046,14349.5917,14332.86078,13989.86982,13896.24095,13527.88654,13373.96456,12630.96578,12324.82716,11859.8021,11253.84013,10841.366,10393.24907,10838.23454,10463.23197,10198.84019,10162.70234,10255.33863,10387.8295,10882.86515,10351.26299,8016.4434,8566.14721,7865.47661,7114.16668,5687.6238299999995,5404.57133,5537.60641,5298.09245,4819.29328,4418.5422,3938.24721,3501.63227,3070.68105,2703.23078,2320.03572,2058.04216,1633.54384,1337.4278199999999,995.521,802.00878,539.07059,452.09636,296.77572,211.35976,149.69713,223.38506
Lichfield,22921.30617,24155.63555,24285.05078,24560.4507,25531.86728,25953.8451,25604.16945,26354.61534,27461.70472,27547.60398,27361.05791,27163.05475,27165.416690000002,27210.20097,25973.86196,25517.18415,26118.80755,25361.94245,23479.99228,22595.42862,22548.83105,23831.25256,24946.85249,25303.89089,25717.04056,25264.420290000002,25876.08063,26964.57034,27422.81992,28344.14477,29618.07163,28901.85599,29008.25226,29337.22206,28739.01098,28608.24478,28449.8971,27849.32337,27631.29107,26814.52581,28255.31223,27702.65243,25978.98863,23932.31762,24352.68852,25008.03944,26455.07685,27227.56619,28711.61573,30836.12955,31693.21731,30877.60076,31394.00885,31120.27626,31272.14125,30957.09595,30743.96525,29839.08872,29439.11688,29124.83185,28115.36918,26349.10811,25852.0132,25252.99461,24277.08673,23031.73575,22879.13705,22881.16273,21891.80869,21595.69543,21435.10213,22242.72386,22432.58139,23804.81442,22857.1648,18014.18597,18965.77528,18222.45552,16732.68624,14231.98843,13122.91833,12850.6969,12320.79652,11234.92205,10323.15327,8945.79988,7864.04755,6865.32414,6071.85493,5199.83015,4461.10749,3721.32089,2810.84189,2157.44346,1646.74735,1245.67702,923.36413,628.72741,468.78075,334.17648,447.38612
Lincoln,9684.4117,10151.09842,10349.29809,10965.03122,11167.62187,11744.89838,11704.40107,11669.3499,12246.76457,12550.67815,12530.13938,12607.7582,12571.41364,12331.94628,11971.18403,12048.14928,11730.46722,11622.23123,11251.13405,11598.92752,12088.13784,12130.56663,11686.27399,11533.24207,11617.4629,11824.95355,12102.11093,12256.65231,12590.65349,12689.41727,13238.74601,13114.77078,13269.7483,13479.85335,12819.32152,12870.1586,12714.73119,12364.84775,12355.57335,12240.64945,12677.78067,12364.59507,11798.57396,11031.32658,11052.82734,11825.4504,12340.29303,12805.32176,13827.15613,15154.23537,15199.62036,15338.40584,15796.13462,15610.98616,15958.50474,16293.47386,16586.23586,16260.70598,16372.629500000001,15864.88049,15526.78494,14498.39395,14421.95264,14066.74147,13611.20748,13093.35597,13012.03212,12923.27461,12686.95423,12712.52075,12733.09617,13238.34546,13131.35691,14401.33962,14613.1157,10882.21132,11363.97801,10406.75931,9397.61882,8157.6132,7470.67456,7493.35084,6893.09351,6375.32518,5816.8996,5241.96548,4615.95189,3869.04997,3493.99042,2951.19894,2579.58427,2141.44164,1673.98877,1251.73404,985.1215,697.61086,551.40608,367.38616,239.90806,210.40943,284.60614
Liverpool,15862.55803,16955.21996,17349.25528,17556.1236,17941.28667,18042.77021,17981.49464,18020.21892,18545.16092,18637.96014,18461.77373,18290.6456,18290.02344,18200.00302,17678.9305,17425.07901,17602.07181,17475.71051,19458.81039,23719.81751,23673.1593,23134.3809,21650.81495,20362.56851,20895.37959,20358.76021,20535.01489,21213.53904,21459.138,22398.82373,23107.7022,22458.20712,22232.0015,22556.79259,21912.27261,21933.07312,21629.32169,20773.62806,20332.19422,20309.50772,20252.93762,20058.58224,18621.2649,17187.77598,17037.19503,17710.31232,18274.57806,18886.8342,20170.85093,21607.98337,22406.35554,22033.34433,22416.69398,22080.42007,22711.02066,22570.84758,23517.33738,22921.8816,23007.95036,22396.31437,21781.91281,20556.01675,19954.19639,19765.94901,18614.65416,17705.63783,17100.67726,17218.46918,16265.90853,15882.07486,15977.94167,15760.93519,15994.82097,16988.85586,16872.5683,12649.60892,12594.53407,11777.3064,11170.60531,9714.27467,9036.7022,9076.4147,8630.65545,7941.30586,7230.10399,6423.29633,5553.66721,4726.89362,4113.22847,3472.70185,2945.91217,2288.2632,1841.65804,1341.98035,1050.9372,808.44904,552.95481,397.38345,297.73141,187.18761,252.90009
London,48459.81633,49800.53133,48680.13444,48671.07399,49652.00367,49250.54576,48025.25995,48122.35658,50201.58966,51149.94994,51211.56844,50828.71113,50902.04286,50673.64109,49296.90182,47811.04106,48824.48141,48357.2788,47810.065669999996,47808.50206,50207.68275,53443.44025,59954.48428,67410.84105,71992.0151,74651.34902,76844.90671,78327.63338,78639.07743,79751.5057,80646.81077,80606.93806,79601.83785,78277.1742,74764.94699,74158.23785,72141.55477,69218.74879,68404.14212,68121.67384,68317.66549,67104.99814,63455.79639,60596.75526,59492.68586,58340.07245,58359.05374,56792.00073,56521.67097,55507.36732,56510.07693,55604.32198,55507.48799,54519.39071,52561.92562,52682.16579,51197.49575,48939.54628,47142.75177,44846.27033,43211.67822,41052.93276,38975.97039,36558.39357,34910.90819,33262.32922,31352.95868,29455.75409,28704.0764,27164.97875,26633.19875,26179.40978,25717.82513,25619.84396,25035.5121,20426.5146,20197.67025,18774.99528,17335.0722,15313.07847,14644.70226,14932.20439,13833.03362,12753.14027,11786.95819,10633.48749,9460.65271,8160.41137,7287.94542,6158.52994,5538.60085,4588.43105,3581.13474,2792.86016,2166.92554,1669.23834,1316.59032,921.74859,627.39228,408.32592,670.36239
Manchester,26417.18264,27548.06769,27759.86074,27420.23674,28830.02824,28788.97254,28906.99885,29268.86025,30207.08252,30315.11885,30440.15251,30176.16468,29776.73374,29533.11354,28622.420579999998,27990.46575,27816.93521,26760.61912,27950.80636,31078.65854,31470.7247,31478.94744,32175.48317,32033.4413,32819.75864,32220.70787,32674.0132,33223.76515,33846.56021,34315.06614,35206.06495,34311.00388,34379.85266,34427.57032,32641.22423,33566.88474,32792.13618,31502.2377,31369.31751,30322.75728,30918.28602,30244.79355,27912.12778,26306.51725,26077.20847,26267.36233,26547.60328,26534.27726,27646.25172,28931.1778,29160.69421,28176.1708,29194.38011,28309.80237,29007.75573,28451.5424,28265.71265,27243.82038,26822.80514,25725.21141,24780.33717,23793.60604,22491.66129,22183.28191,21089.5883,19795.76799,18814.44445,18981.39213,18360.42859,17587.5453,17492.91403,17877.66026,17964.86036,19446.44185,18677.12384,13607.94408,14138.2403,13232.30097,12144.55079,10606.73862,9724.15594,9624.74129,8964.61985,8331.29154,7285.55708,6606.04635,5596.21566,4803.30167,4144.09793,3689.9424,3107.30595,2570.60177,1898.85016,1458.48912,1257.87497,865.0626,602.89455,415.75448,302.44205,241.81888,329.3866
Newcastle,7613.70475,7903.051,8423.61533,8563.402109999999,8857.78929,9150.52797,8816.63639,9100.67979,9443.51328,9356.61878,9641.64692,9375.26265,9299.85591,9297.43667,8931.94613,8772.66843,8642.06757,8624.38221,10397.54108,13409.91049,13475.21188,13139.81839,11870.6218,11197.29027,10838.20044,10336.87002,10398.37831,10314.7014,10337.95292,10641.14587,10494.30817,10379.22263,10310.50435,10920.80755,10496.73867,10574.71279,10564.63405,10179.70193,10234.29884,10302.26515,10340.92945,10664.83247,9774.62289,8880.09861,8891.23412,9340.25952,9760.42721,9557.25447,10270.93698,11002.38305,11176.93746,10613.7424,10915.49053,11151.05881,11412.77385,11572.19091,12121.10384,11853.24261,11708.60599,11734.38883,11105.56751,11150.93828,11028.08108,10743.01001,10391.24876,9973.49686,9655.96799,9824.0571,9334.95834,9100.13326,8875.29519,9216.8653,9228.43521,10045.65745,9714.47327,7116.04254,7416.77379,6446.27093,5900.4488,4958.98237,4819.99128,4843.1881300000005,4603.27725,4284.03767,3886.6941,3528.77791,3128.3078,2654.0989,2371.94974,2147.74571,1844.83995,1380.71567,1125.82427,881.10661,708.23499,491.59695,395.07465,250.31739,178.98198,127.21333,173.01209
Norwich,7778.12864,8130.85721,8699.58188,8886.7324,9305.28167,9517.12278,9402.24929,9523.22446,10185.26432,10131.15478,10123.62084,9930.506,10025.05089,9885.95184,9707.11548,9220.33366,9251.28406,9399.42772,9444.27343,10093.513,10378.92337,10141.0967,10160.35944,10156.11276,10225.69948,10356.11156,10277.14891,10525.40649,10794.87568,10924.40817,11147.61351,11134.12207,11139.35367,11286.55559,11058.43782,10990.65926,10613.40227,10752.80661,10283.38185,10622.68564,10805.73078,10580.80061,10115.04821,9596.41157,9670.23484,9963.61518,10487.00548,11299.98165,11560.520199999999,12266.89154,12410.59058,12392.33504,12920.69668,12732.34388,13175.41677,13143.23994,13492.36234,13422.61994,12792.89115,12791.98945,12516.905709999999,11947.26673,11912.69349,11743.37214,11439.52478,11203.26174,11190.66316,11167.2778,11162.28962,10986.2171,11210.75993,11466.513789999999,12032.67576,13270.64241,13680.05074,10097.18675,10403.00686,9438.96341,8805.52179,7374.48958,6676.46561,6674.03861,6426.97131,6079.79197,5442.06609,4877.31315,4305.02811,3833.04728,3404.86429,3013.82336,2598.76303,2092.24461,1721.93525,1442.96154,1032.41394,803.91317,595.49359,413.58647,350.87594,224.05236,303.16498
Oxford,26330.78046,27790.77396,28717.76626,29377.87819,30451.33571,31193.08677,30685.67758,31329.85746,32657.48579,33562.26184,33685.34687,33320.63212,33283.39407,33395.23067,32344.10464,30916.07964,30998.49827,30602.82226,28814.68829,27696.47791,25783.20425,27270.93661,28830.69304,29640.152,30136.08366,30575.31236,30866.07484,31735.78989,32178.45251,33722.15496,34545.03848,34643.08635,35188.60741,35989.48749,35703.24324,36099.92651,35846.84663,36117.9244,36590.454060000004,36175.91142,38038.21155,37544.84761,35687.73704,34128.55601,34004.04277,33643.37295,34332.53748,34428.86234,35509.72879,35612.93033,36025.33735,34937.97987,35371.71589,35174.11121,35517.48433,34430.88164,34490.89083,33645.70611,32421.90119,31048.72239,30143.79082,28308.47635,27661.91266,26589.5515,25012.0364,23999.16798,23278.54802,22499.62038,22130.45084,21507.54662,21365.14677,21575.58632,21753.19382,23633.54448,23098.71121,17609.5004,18556.12354,17170.17737,15511.91727,13253.82229,12321.94923,12628.82903,11945.34655,10866.76498,9946.71811,9075.72023,8214.4358,7048.24621,6282.93416,5547.51509,4709.25803,3855.94616,3248.59245,2456.45708,2008.69247,1485.85924,1056.99598,799.82908,584.44143,379.51135,616.6704
Peterborough,10138.77845,10842.11773,11096.10269,11243.00444,11648.73592,11978.49583,11739.46725,12149.82443,12600.44452,12630.41299,12656.819,12517.39689,12683.06973,12714.61194,12366.67606,11850.77062,11718.11759,11808.85836,10314.39857,9261.69986,9493.57906,9775.30048,10349.4128,10863.30961,11202.49777,11299.53434,11934.95383,12193.17806,12876.37701,13387.64561,13575.79545,13671.48976,13973.46476,14105.15735,13595.54912,13850.76301,13537.14164,13268.90903,13603.66819,13274.13099,13863.69556,13569.66731,12738.96056,11961.64733,11963.71285,12074.83652,12568.17514,12656.46693,13075.10611,13899.83293,13785.25038,13600.04947,13969.80875,13838.49166,13674.152399999999,13569.09319,13540.84053,13116.46512,12663.82605,12314.90854,11706.56719,11067.79494,10908.57244,10531.88729,9849.91717,9516.40581,9307.70645,9452.95528,9173.25789,9057.68172,8873.29576,9212.66032,9284.30942,10142.18623,10072.17373,7417.85229,7630.93544,6964.87824,6316.85052,5291.77387,4827.00308,4657.46212,4622.17377,4205.50941,3701.79113,3302.84442,2925.86874,2578.18927,2301.15618,2059.13936,1706.61857,1381.85045,1168.46532,880.4975,700.828,552.62405,399.54839,261.24331,203.46685,146.52963,177.18771999999998
Portsmouth,7083.14507,7456.34391,7586.28003,7845.35893,8198.92057,8563.98512,8473.39733,8701.87738,9009.56058,8977.7808,8886.71457,8938.68759,8802.06676,8763.67205,8631.94183,8271.31021,8501.69029,8378.41087,8602.64456,9535.76196,9870.22917,9638.66537,9149.22428,8890.07462,8853.52313,8593.31939,8944.82823,8898.33855,9161.86243,9246.39195,9696.61032,9637.89441,9809.42498,10014.88725,9815.82349,9889.79469,9617.38716,9447.46777,9272.39528,9237.85015,9437.38243,9295.38118,8754.74084,8440.97373,8458.417089999999,8635.48739,8895.68014,9298.93478,9866.38127,10360.32361,10978.49054,10663.74549,11023.37116,11265.69356,11519.66738,11502.55023,11682.84175,11576.78331,11307.36034,11216.593499999999,10861.90235,10389.67706,10270.20887,9869.18778,9536.53059,9097.84657,9072.1401,8916.08197,8413.15562,8616.8947,8262.71734,8758.91754,9243.04167,9952.993,10315.52734,7911.87387,7958.69362,7049.46981,6717.65376,5490.90024,5002.76277,5322.51261,4933.62926,4597.82522,4112.40448,3776.93885,3439.17314,3100.34479,2719.72337,2402.40203,2016.78426,1629.01099,1283.46794,1000.17661,807.57111,613.46738,465.29256,312.38021,251.28555,191.37947,214.21638
Rochester,15650.22986,16200.9836,16811.99729,17146.89771,17470.16501,17716.96605,17385.45153,17447.22787,18146.99348,18409.49423,18508.7869,18315.85949,17832.90833,17710.10749,17429.16732,16873.74323,16628.37855,16511.61534,14207.03246,11549.07028,11348.06326,12562.49454,13932.33987,14802.11035,14854.68005,15051.018540000001,15518.47572,16346.48688,16862.93768,17570.67188,18296.99207,18778.1753,19171.55581,19401.7853,19214.33369,19398.93936,19430.16092,19283.22315,19334.82138,19863.46969,20081.89749,19984.81711,19318.37221,18110.26378,17937.19687,17996.82516,18669.66513,18379.28077,18883.24968,19329.21155,19536.46547,19192.14881,19582.49238,19424.85159,19876.05442,19615.14375,19273.35569,18830.61372,18012.97948,17229.67593,16769.78677,15709.74073,15271.16464,14529.63503,13857.10565,12955.31107,12765.39484,12477.82412,12140.32792,11922.94099,11854.26702,12154.48556,12514.74677,13955.43377,13982.33591,10118.89168,10594.36477,9485.67479,9049.11518,7648.86155,7084.72062,7267.81318,6974.18125,6451.51128,5910.75079,5342.3728,4714.46494,4264.25729,3823.1134,3226.51489,2837.75783,2346.98953,1772.75407,1379.20384,1121.28369,767.91687,593.80736,450.20919,317.45341,231.82024,310.58591
Salisbury,8274.21767,8814.00372,9165.43865,9516.72889,9791.06705,10164.04445,10275.53854,10283.21061,10858.7487,11194.97818,11195.89091,11137.50191,11166.75582,11228.23171,11157.37619,10858.61927,11049.85951,11244.29982,9912.35503,7976.55245,7693.00165,8289.9719,9236.64526,9533.52953,9956.4699,9804.60704,10049.75298,10164.55523,10234.491,10437.0216,11281.85614,11088.00444,11052.00536,11399.26005,11271.0934,11094.96985,11045.2558,10916.46701,11081.37468,11253.40945,11431.7093,11278.97879,11023.8744,10223.01619,10326.66079,10868.57839,11331.64988,11846.50057,12763.74722,13434.06752,13637.294390000001,13824.59499,14159.26715,14341.47648,14581.63581,14925.59284,14820.44501,15024.22594,14615.24743,14318.5671,14037.75333,13541.29855,13780.31618,13174.68789,12760.97699,12148.22795,12252.50616,12303.09538,11944.84028,12008.10101,12009.69626,12519.71562,12758.01377,14128.96801,14250.59832,10577.3604,11477.08632,10088.20173,9425.97523,7969.69773,7311.39975,7265.27921,7101.45014,6451.74248,5945.65726,5357.6024,4878.29261,4208.94577,3939.68415,3372.75779,2988.28123,2433.80861,2044.21631,1563.4786100000001,1220.49001,889.12755,696.50321,511.63275,372.65424,253.17471,384.62165
Sheffield,13014.24088,13719.06243,13668.28168,13962.628,14314.30211,14565.38641,14143.12329,14512.26976,15055.84987,15221.99757,15021.91748,15044.3769,14988.56952,14935.3002,14314.63972,13875.45326,13967.11159,13804.67908,14929.58279,17580.16124,17224.20464,18202.65311,17773.96905,17340.25537,17120.95057,16486.65735,16783.51373,16994.55449,17219.18445,17810.44557,18041.65492,17371.02791,17441.30705,17457.05997,17130.34954,16423.60435,16500.89547,15924.01011,15491.37305,15524.18381,15569.6332,15519.24544,14275.8952,13346.04278,13373.27222,13678.77652,14144.99849,14777.15961,15926.15085,16529.96817,17504.22053,17060.71162,17498.87209,17541.48869,17198.73577,17258.88186,17067.35112,16627.59625,16689.99884,16153.59773,15633.71884,14985.52868,14418.25238,14456.95364,13580.89755,13038.30442,12328.99168,12756.93107,12088.67643,11642.99902,11783.51358,11783.07089,11993.26855,13140.62616,12606.56299,9796.48165,10785.51327,9272.47339,8344.64706,7342.05043,6900.28181,7030.23974,6501.6899,6106.94171,5438.0261199999995,4942.91864,4233.91372,3817.36365,3246.93496,2819.52508,2385.45039,1875.5199,1486.38297,1104.18322,917.30797,672.25609,479.07777,352.61258,233.65639,142.83406,253.50182
Southwark,33779.76938,34598.28238,34156.94393,33803.70826,34098.73452,34260.3086,33708.01616,33525.52073,34623.30361,34444.48819,34739.14272,34513.32124,34193.11873,33970.27414,32905.87618,31152.3291,31726.40898,31033.51693,28208.86097,26058.66358,26667.33403,30549.33117,35531.802,41904.77398,47535.43733,51258.9881,53133.53269,54371.30814,55263.4914,56212.59004,56240.86806,55073.80618,54791.20917,52800.02502,50318.31663,50409.1393,48297.56721,47822.57476,47142.07097,46731.57206,46972.82364,45771.36064,43865.78995,41451.61714,40814.27568,40093.6877,40289.51334,38310.45549,39000.97824,38706.98413,39368.62358,38146.46876,38627.92356,37796.35738,37879.09935,37177.96315,36142.55973,34982.70996,33636.38577,31439.88033,30458.73207,28257.29049,26530.45478,24892.39554,23723.89821,22066.09169,20625.5015,19940.13343,18571.30021,17837.62364,17928.48393,17467.60545,17356.32952,18396.29742,18055.45174,13877.96891,13694.7324,12647.51772,12026.0569,10096.54474,9912.89131,9986.86877,9525.97691,8519.93815,7809.20862,7083.5397,6194.47493,5506.48684,4934.69492,4328.24613,3744.63366,3164.39306,2559.92672,1992.31189,1507.67096,1172.95643,884.68539,635.90876,441.80652,277.0822,463.96895
Southwell and Nottingham,11111.267389999999,11918.92821,11962.42855,12441.59143,13005.45172,13191.90741,12950.30407,13229.60709,13844.77389,14002.68631,13922.03586,13547.72686,13543.51532,13487.16814,12946.01183,12479.82232,12392.46531,12055.57548,15590.04483,21585.54174,21611.94359,19359.01001,16147.63519,14648.56437,14264.59391,14137.89545,14454.58558,14986.47915,15147.36899,15633.50941,15919.87991,15772.23518,15397.93067,15843.4396,15288.85329,15290.94892,15084.98102,14666.110059999999,14381.52645,14114.02191,14674.87442,14327.1544,13669.27099,12720.84591,13006.06531,13167.82266,13423.05298,13971.61375,14778.3474,15483.64718,15962.69499,15366.94426,16224.9318,16020.80104,16060.07556,16258.093209999999,16270.66217,15856.55602,15654.93864,15010.76394,14541.92916,13943.74209,13405.18043,12901.73051,12318.77985,11844.15447,11599.25655,11584.45215,11230.86261,11054.52987,11146.48823,11455.69971,11470.36037,12452.4046,12043.91983,9214.223,9913.20541,8925.26678,8214.13454,6873.96024,6395.43766,6376.37003,6028.51815,5565.05046,4997.58312,4429.0912,3960.52818,3541.15736,3037.82875,2680.6614,2290.3096,1902.54184,1465.15918,1262.91997,922.05355,735.98232,491.97044,371.1184,215.00081,172.86834,244.72422
St Albans,22255.99659,23223.62144,23942.61454,23954.50788,24710.78614,25155.7352,24772.34712,25053.5907,25704.01452,26049.90223,26288.52206,26139.30131,25918.69183,25504.11157,24646.8737,23990.53218,23781.63283,23810.45034,20392.27191,17629.30278,17524.67643,18965.33136,21177.38652,22938.29993,23362.57378,23031.11678,23554.82954,23902.11835,24932.42798,25858.21728,26556.66496,26861.70451,27434.4142,28332.482070000002,27938.55024,27849.77111,27872.26171,27980.16656,27941.52553,28487.62365,29596.56451,29218.38066,27764.35813,26123.58011,26135.27669,26037.54339,26450.08276,26461.39103,26909.463780000002,27813.34025,27953.62604,26830.48557,27610.72411,27446.0489,27299.03566,27620.16351,26889.6188,26225.04949,25621.057530000002,24465.83356,23421.99938,22055.07047,21756.32166,20262.45368,19428.74128,18633.58135,17827.87877,17205.97555,16629.79904,15981.36525,16201.14146,16459.31399,16357.3748,17897.91177,17961.03907,13306.88339,14121.30194,12902.58913,11961.97014,9618.5287,9149.77584,9500.99622,9212.99368,8643.68808,8173.97321,7288.54762,6600.36423,5788.3111,5067.33535,4500.53566,3903.12816,3136.7557,2553.18719,1975.54059,1523.51678,1172.5135,840.14173,593.71237,372.22996,252.11444,421.82376
St Edmundsbury and Ipswich,6039.16792,6573.2625,6657.17841,6812.01841,6984.27691,7270.73736,7222.94663,7206.10041,7478.35904,7807.19061,7645.06461,7627.05054,7743.23372,7695.23466,7381.38384,7385.96455,7436.90107,7561.91465,6652.74853,5776.78791,5582.01604,6322.71246,6983.57289,7334.88309,7418.73924,7445.05781,7776.26664,8027.47718,7761.2945,8131.27343,8443.2698,8280.27717,8253.69931,8408.71553,8139.36706,7831.34919,7950.17858,7917.60029,7756.38926,7969.91639,8258.87,8150.86066,7711.78201,7249.70356,7436.17254,7500.97443,7877.34469,8385.60533,8805.67831,9142.47658,9412.41853,9325.81568,9634.36879,9574.85422,9709.49112,9997.62415,9902.30709,9857.30878,9458.64705,9206.91722,9073.45584,8666.2971,8684.77384,8689.60894,8169.29976,7932.64619,7738.13586,8136.48043,7733.66755,7971.17945,7843.56832,8211.50015,8200.95873,9348.84984,9295.46993,6911.52354,7217.2276600000005,6488.69031,5964.04873,5230.48549,4649.56338,4680.8903,4516.82181,4194.34727,3775.45604,3441.66217,3024.09839,2611.20584,2355.68035,1974.49279,1840.03112,1486.53889,1224.47482,939.52599,739.95292,547.02045,379.21074,270.57081,219.91072,142.16111,220.11001
Truro,4736.8068299999995,4897.12083,5151.88484,5309.80222,5511.09657,5827.9012999999995,5789.1711,5992.47417,6267.00396,6466.6303,6362.34094,6283.67626,6247.71414,6236.65755,6164.38652,5888.80013,5895.26636,5999.88023,5750.98404,5749.78923,5913.4909,5824.90287,5606.92273,5721.84232,5568.12737,5405.86645,5469.50371,5682.94562,5870.75991,6148.64377,6403.42922,6300.84959,6235.98952,6599.2942,6049.18253,6135.23266,6214.54137,6185.67746,6168.73586,6321.54745,6758.61826,6570.25174,6070.1363,5879.53308,6161.83233,6051.94943,6577.05296,6976.63725,7437.24721,7809.58368,8015.06769,7973.94163,8115.81815,8301.69681,8441.76906,8771.41856,8795.28868,8864.09165,8426.02991,8412.28193,8363.97249,8095.7441,8125.64931,8028.65839,7981.45217,7551.22753,7424.4039,7610.59183,7385.45096,7527.25045,7363.46465,7745.52707,7945.5884399999995,8771.40445,8706.336729999999,6514.47992,6766.56836,6206.5991,5523.81017,4549.07081,4156.96813,4104.72839,3768.26087,3542.77854,3275.156,2824.22139,2667.4479,2169.06587,2023.63653,1771.93201,1586.52757,1228.82925,991.43657,788.81339,628.66137,488.21657,330.71253,248.55836,166.84592,132.79886,172.97193
Winchester,11685.56726,12146.24985,12646.14723,12659.40172,13398.36671,13608.39892,13549.75601,13811.04533,14456.74085,14841.14549,14626.8222,14126.84173,14175.80811,14104.21874,13400.48786,13049.15044,13050.70789,12949.35458,14521.65123,17196.09017,16939.5163,16940.60399,16524.39409,15762.23927,14985.81403,15112.39475,15324.4957,15178.53211,15711.96133,15652.28651,16514.22495,16283.5502,16520.7094,16621.80093,16145.57334,16237.27498,16076.04953,16027.24008,16048.39567,16209.73066,16618.59001,16516.63482,15653.89094,15012.83732,14907.11183,15207.5209,15418.32801,15727.77345,16102.88863,16657.26811,17089.75666,16360.45879,16913.62308,16798.85744,17188.33351,16957.17473,17476.94484,16919.98368,16584.89838,16060.07861,15410.4556,14616.32633,14702.43539,14068.69811,13518.194809999999,12772.44299,12550.60773,12884.34246,12343.48485,12142.86335,12368.96118,12641.12407,12874.2614,14375.78874,14374.2974,10830.65853,11343.34292,10251.53433,9433.72744,7941.44712,7299.00555,7562.9457999999995,7126.41654,6700.64139,6131.87304,5446.23574,4898.44073,4269.71943,3979.0689899999998,3465.19564,3204.48138,2485.08153,2005.63979,1631.33359,1291.47189,1002.28789,703.12378,523.42813,391.90157,261.2224,414.58032
Worcester,8820.80188,9097.74083,9600.58617,9606.80115,10182.34414,10202.01859,10041.91607,10336.62816,11075.53906,10850.70306,10895.26825,10603.55033,10637.83677,10665.05674,10514.41262,10421.13518,10613.18654,10422.00572,9360.373,8509.17376,8345.39261,8754.49412,9402.3727,10040.79987,10284.60331,10294.50283,10340.50689,10684.46395,10855.0978,11551.20789,11677.55902,11534.23869,11441.5594,11509.93457,11329.34367,11065.16693,11092.36814,10984.05996,10961.49617,10956.19774,11468.31419,11173.70141,10668.39162,9956.96141,10065.76924,10468.88905,10894.54723,11358.90095,12206.05876,12694.16527,13303.63509,13062.98226,13416.70939,13345.04003,13584.64852,13195.95132,13629.24898,12992.61726,12818.31668,12313.81204,11779.03353,11163.12739,11017.54441,11151.89384,10569.00511,10375.03127,10015.83909,10458.33119,10223.56456,9991.20392,10029.22709,10411.3702,10527.60102,11117.08876,10979.57922,8563.86581,9220.63024,8662.06951,7647.36933,6617.25791,5965.82519,5971.3512200000005,5712.1719,5229.16599,4816.39205,4160.53755,3692.61109,3266.76227,2921.8488,2563.69145,2085.26941,1726.94346,1386.93123,1065.32873,786.12806,613.84227,454.60746,272.95351,228.36234,163.47682,237.62274
York,13389.58951,14112.54221,14467.15846,14892.12701,15630.48502,15811.76996,15877.92929,16022.010909999999,17203.13175,17210.03438,16952.1056,16816.1287,16799.58976,16721.8518,16485.05752,16007.03434,16287.99864,16062.28989,16200.01023,17280.50277,17451.20875,17957.26222,17129.42222,17472.24177,16911.7129,16852.8069,17028.93043,17276.37145,17608.16608,18257.79148,18579.11455,18116.74051,18075.93728,18456.25468,18064.79172,17984.3794,17717.87363,17216.85727,16847.06983,17296.23039,17299.79981,17093.1603,16490.94729,15184.28659,15338.52645,16219.04299,16707.37797,17417.48513,18429.12565,19746.780600000002,20142.61007,19930.84312,20538.29564,20811.89615,20991.62191,21312.07138,21591.8222,21846.74381,21132.37787,20968.92696,20368.58078,19428.82912,19435.595980000002,19012.35014,18185.73452,17501.52606,17122.65365,17237.5851,16694.11305,16381.86822,16583.36327,16765.55146,16911.06313,18616.49758,18729.23372,13509.48984,13919.14493,12297.28331,11636.2978,9806.83098,9299.90636,9383.03433,8992.60656,8327.83739,7539.55915,6647.91634,5780.12305,5200.52418,4422.37255,3812.72333,3355.32212,2692.5932,2159.82027,1678.26047,1220.03564,898.43617,661.7818,519.03496,348.50498,239.3178,351.30872
